CATEGORIA;SUB-CATEGORIA;CAPACIDAD;CODIGO;REFERENCIA;MEDIDAS;CANTIDAD;CIREL;  PRECIO SIN IVA  ;  PRECIO CON IVA  
MICRO Y BOWL;KRAFT MICROCORRUGADO;;019901GK;DOMICILIO ;18,5cm X 18,5cm X 3,8cm;MILLAR;; $1.226,07 ; $1.459,02 
MICRO Y BOWL;KRAFT MICROCORRUGADO;;470198;DOMICILIO;16,5cm X 22cm X 7cm;MILLAR;; $1.226,07 ; $1.459,02 
MICRO Y BOWL;KRAFT MICROCORRUGADO;;470204;DOMICILIO;23cm X 23cm X 11cm;MILLAR;; $2.307,91 ; $2.746,41 
MICRO Y BOWL;KRAFT MICROCORRUGADO;;470201;DOMICILIO;24cm X 24cm X 10cm;MILLAR;; $2.681,46 ; $3.190,94 
MICRO Y BOWL;KRAFT MICROCORRUGADO;;470195;DOMICILIO;30cm X 30cm X 10cm;MILLAR;; $4.160,89 ; $4.951,46 
MICRO Y BOWL;KRAFT MICROCORRUGADO;;470441K;BANDEJA;16,3cmX27,5cmX3cm;MILLAR;; $504,85 ; $600,77 
MICRO Y BOWL;KRAFT MICROCORRUGADO;;019901GK;DOMICILIO ;18,5cm X 18,5cm X 3,8cm;CIENTO;; $1.287,38 ; $1.531,98 
MICRO Y BOWL;KRAFT MICROCORRUGADO;;470198;DOMICILIO;16,5cm X 22cm X 7cm;CIENTO;; $1.287,38 ; $1.531,98 
MICRO Y BOWL;KRAFT MICROCORRUGADO;;470204;DOMICILIO;23cm X 23cm X 11cm;CIENTO;; $2.423,30 ; $2.883,73 
MICRO Y BOWL;KRAFT MICROCORRUGADO;;470201;DOMICILIO;24cm X 24cm X 10cm;CIENTO;; $2.815,53 ; $3.350,48 
MICRO Y BOWL;KRAFT MICROCORRUGADO;;470195;DOMICILIO;30cm X 30cm X 10cm;CIENTO;; $4.368,93 ; $5.199,03 
MICRO Y BOWL;KRAFT MICROCORRUGADO;;470441K;BANDEJA;16,3cmX27,5cmX3cm;CIENTO;; $530,10 ; $630,82 
MICRO Y BOWL;KRAFT MICROCORRUGADO;;019901GK;DOMICILIO ;18,5cm X 18,5cm X 3,8cm;UNIDAD;; $1.344,54 ; $1.600,00 
MICRO Y BOWL;KRAFT MICROCORRUGADO;;470198;DOMICILIO;16,5cm X 22cm X 7cm;UNIDAD;; $1.344,54 ; $1.600,00 
MICRO Y BOWL;KRAFT MICROCORRUGADO;;470204;DOMICILIO;23cm X 23cm X 11cm;UNIDAD;; $2.478,99 ; $2.950,00 
MICRO Y BOWL;KRAFT MICROCORRUGADO;;470201;DOMICILIO;24cm X 24cm X 10cm;UNIDAD;; $2.899,16 ; $3.450,00 
MICRO Y BOWL;KRAFT MICROCORRUGADO;;470195;DOMICILIO;30cm X 30cm X 10cm;UNIDAD;; $4.495,80 ; $5.350,00 
MICRO Y BOWL;KRAFT MICROCORRUGADO;;470441K;BANDEJA;16,3cmX27,5cmX3cm;UNIDAD;; $546,00 ; $649,74 
EMPAQUE AL VACIO;BOLSAS DE EMPAQUE AL VACIO;QUESOS;470165G;9cm x 15cm ;9cm x 15cm ;MILLAR;; $76,47 ; $91,00 
EMPAQUE AL VACIO;BOLSAS DE EMPAQUE AL VACIO;QUESOS;470165;9cm x 15cm Con válvula;9cm x 15cm Con válvula;MILLAR;; $370,59 ; $441,00 
EMPAQUE AL VACIO;BOLSAS DE EMPAQUE AL VACIO;QUESOS;470166G;14cm x 16cm ;14cm x 16cm ;MILLAR;; $121,85 ; $145,00 
EMPAQUE AL VACIO;BOLSAS DE EMPAQUE AL VACIO;QUESOS;470166;14cm x 16cm Con válvula;14cm x 16cm Con válvula;MILLAR;; $389,92 ; $464,00 
EMPAQUE AL VACIO;BOLSAS DE EMPAQUE AL VACIO;QUESOS;;15cm x 18cm ;15cm x 18cm ;MILLAR;; $147,06 ; $175,00 
EMPAQUE AL VACIO;BOLSAS DE EMPAQUE AL VACIO;QUESOS;470193;16cm x 17cm ;16cm x 17cm ;MILLAR;; $147,06 ; $175,00 
EMPAQUE AL VACIO;BOLSAS DE EMPAQUE AL VACIO;QUESOS;;16cm x 18cm ;16cm x 18cm ;MILLAR;; $156,30 ; $186,00 
EMPAQUE AL VACIO;BOLSAS DE EMPAQUE AL VACIO;QUESOS;470218;15cm x 20cm ;15cm x 20cm ;MILLAR;; $163,87 ; $195,01 
EMPAQUE AL VACIO;BOLSAS DE EMPAQUE AL VACIO;QUESOS;470183;18cm x 20cm ;18cm x 20cm ;MILLAR;; $194,96 ; $232,00 
EMPAQUE AL VACIO;BOLSAS DE EMPAQUE AL VACIO;QUESOS;470167;18cm x 20cm Con válvula;18cm x 20cm Con válvula;MILLAR;; $462,18 ; $549,99 
EMPAQUE AL VACIO;BOLSAS DE EMPAQUE AL VACIO;QUESOS;470313;18cm x 22cm ;18cm x 22cm ;MILLAR;; $214,29 ; $255,01 
EMPAQUE AL VACIO;BOLSAS DE EMPAQUE AL VACIO;QUESOS;470130;18cm x 25cm ;18cm x 25cm ;MILLAR;; $244,54 ; $291,00 
EMPAQUE AL VACIO;BOLSAS DE EMPAQUE AL VACIO;QUESOS;;20cm x 25cm ;20cm x 25cm ;MILLAR;; $271,43 ; $323,00 
EMPAQUE AL VACIO;BOLSAS DE EMPAQUE AL VACIO;QUESOS;470168;20cm x 30cm ;20cm x 30cm ;MILLAR;; $326,05 ; $388,00 
EMPAQUE AL VACIO;BOLSAS DE EMPAQUE AL VACIO;QUESOS;;21cm x 43cm ;21cm x 43cm ;MILLAR;; $491,60 ; $585,00 
EMPAQUE AL VACIO;BOLSAS DE EMPAQUE AL VACIO;QUESOS;470308;22cm x 45cm ;22cm x 45cm ;MILLAR;; $569,75 ; $678,00 
EMPAQUE AL VACIO;BOLSAS DE EMPAQUE AL VACIO;QUESOS;470170;25cm x 35cm ;25cm x 35cm ;MILLAR;; $474,79 ; $565,00 
EMPAQUE AL VACIO;BOLSAS DE EMPAQUE AL VACIO;QUESOS;;25cm x 40cm ;25cm x 40cm ;MILLAR;; $542,02 ; $645,00 
EMPAQUE AL VACIO;BOLSAS DE EMPAQUE AL VACIO;QUESOS;;25cm x 45cm ;25cm x 45cm ;MILLAR;; $597,48 ; $711,00 
EMPAQUE AL VACIO;BOLSAS DE EMPAQUE AL VACIO;SALSAS;470165G;9cm x 15cm ;9cm x 15cm ;CIENTO;; $76,47 ; $91,00 
EMPAQUE AL VACIO;BOLSAS DE EMPAQUE AL VACIO;SALSAS;470165;9cm x 15cm Con válvula;9cm x 15cm Con válvula;CIENTO;; $370,59 ; $441,00 
EMPAQUE AL VACIO;BOLSAS DE EMPAQUE AL VACIO;SALSAS;470166G;14cm x 16cm ;14cm x 16cm ;CIENTO;; $121,85 ; $145,00 
EMPAQUE AL VACIO;BOLSAS DE EMPAQUE AL VACIO;SALSAS;470166;14cm x 16cm Con válvula;14cm x 16cm Con válvula;CIENTO;; $389,92 ; $464,00 
EMPAQUE AL VACIO;BOLSAS DE EMPAQUE AL VACIO;SALSAS;;15cm x 18cm ;15cm x 18cm ;CIENTO;; $147,06 ; $175,00 
EMPAQUE AL VACIO;BOLSAS DE EMPAQUE AL VACIO;SALSAS;470193;16cm x 17cm ;16cm x 17cm ;CIENTO;; $147,06 ; $175,00 
EMPAQUE AL VACIO;BOLSAS DE EMPAQUE AL VACIO;SALSAS;;16cm x 18cm ;16cm x 18cm ;CIENTO;; $156,30 ; $186,00 
EMPAQUE AL VACIO;BOLSAS DE EMPAQUE AL VACIO;SALSAS;470218;15cm x 20cm ;15cm x 20cm ;CIENTO;; $163,87 ; $195,01 
EMPAQUE AL VACIO;BOLSAS DE EMPAQUE AL VACIO;SALSAS;470183;18cm x 20cm ;18cm x 20cm ;CIENTO;; $194,96 ; $232,00 
EMPAQUE AL VACIO;BOLSAS DE EMPAQUE AL VACIO;SALSAS;470167;18cm x 20cm Con válvula;18cm x 20cm Con válvula;CIENTO;; $462,18 ; $549,99 
EMPAQUE AL VACIO;BOLSAS DE EMPAQUE AL VACIO;SALSAS;470313;18cm x 22cm ;18cm x 22cm ;CIENTO;; $214,29 ; $255,01 
EMPAQUE AL VACIO;BOLSAS DE EMPAQUE AL VACIO;SALSAS;470130;18cm x 25cm ;18cm x 25cm ;CIENTO;; $244,54 ; $291,00 
EMPAQUE AL VACIO;BOLSAS DE EMPAQUE AL VACIO;SALSAS;;20cm x 25cm ;20cm x 25cm ;CIENTO;; $271,43 ; $323,00 
EMPAQUE AL VACIO;BOLSAS DE EMPAQUE AL VACIO;SALSAS;470168;20cm x 30cm ;20cm x 30cm ;CIENTO;; $326,05 ; $388,00 
EMPAQUE AL VACIO;BOLSAS DE EMPAQUE AL VACIO;SALSAS;;21cm x 43cm ;21cm x 43cm ;CIENTO;; $491,60 ; $585,00 
EMPAQUE AL VACIO;BOLSAS DE EMPAQUE AL VACIO;SALSAS;470308;22cm x 45cm ;22cm x 45cm ;CIENTO;; $569,75 ; $678,00 
EMPAQUE AL VACIO;BOLSAS DE EMPAQUE AL VACIO;SALSAS;470170;25cm x 35cm ;25cm x 35cm ;CIENTO;; $474,79 ; $565,00 
EMPAQUE AL VACIO;BOLSAS DE EMPAQUE AL VACIO;SALSAS;;25cm x 40cm ;25cm x 40cm ;CIENTO;; $542,02 ; $645,00 
EMPAQUE AL VACIO;BOLSAS DE EMPAQUE AL VACIO;SALSAS;;25cm x 45cm ;25cm x 45cm ;CIENTO;; $597,48 ; $711,00 
BOLSA KRAFT AS;BOLSA KRAFT FONDO CUADRADO;;430010;BOLSA KRAFT 12+7cm X 22cm     Fondo cuadrado;;MILLAR IMPRESO;$126.050,42; $286,00 ; $340,34 
BOLSA KRAFT AS;BOLSA KRAFT FONDO CUADRADO;;430010T;BOLSA KRAFT 12+7cm X 22cm    Con troquel;;MILLAR IMPRESO;$126.050,42; $440,00 ; $523,60 
BOLSA KRAFT AS;BOLSA KRAFT FONDO CUADRADO;;430010M;BOLSA KRAFT 12+7cm X 22cm    Con manija;;MILLAR IMPRESO;$126.050,42; $614,00 ; $730,66 
BOLSA KRAFT AS;BOLSA KRAFT FONDO CUADRADO;;430010B;BOLSA KRAFT 12+7cm X 22cm    Con base;;MILLAR IMPRESO;$126.050,42; $406,00 ; $483,14 
BOLSA KRAFT AS;BOLSA KRAFT FONDO CUADRADO;;430010TB;BOLSA KRAFT 12+7cm X 22cm   Con troquel y base;;MILLAR IMPRESO;$126.050,42; $513,00 ; $610,47 
BOLSA KRAFT AS;BOLSA KRAFT FONDO CUADRADO;;430010MB;BOLSA KRAFT 12+7cm X 22cm   Con manija y base;;MILLAR IMPRESO;$126.050,42; $684,00 ; $813,96 
BOLSA KRAFT AS;BOLSA KRAFT FONDO CUADRADO;;430011;BOLSA KRAFT  15+9cm X 30cm  Fondo cuadrado;;MILLAR IMPRESO;$134.453,78; $314,00 ; $373,66 
BOLSA KRAFT AS;BOLSA KRAFT FONDO CUADRADO;;430011T;BOLSA KRAFT  15+9cm X 30cm  Con troquel;;MILLAR IMPRESO;$134.453,78; $507,00 ; $603,33 
BOLSA KRAFT AS;BOLSA KRAFT FONDO CUADRADO;;430011M;BOLSA KRAFT  15+9cm X 30cm  Con manija;;MILLAR IMPRESO;$134.453,78; $638,00 ; $759,22 
BOLSA KRAFT AS;BOLSA KRAFT FONDO CUADRADO;;430011B;BOLSA KRAFT  15+9cm X 30cm  Con base;;MILLAR IMPRESO;$134.453,78; $407,00 ; $484,33 
BOLSA KRAFT AS;BOLSA KRAFT FONDO CUADRADO;;430011TB;BOLSA KRAFT  15+9cm X 30cm  Con troquel y base;;MILLAR IMPRESO;$134.453,78; $579,00 ; $689,01 
BOLSA KRAFT AS;BOLSA KRAFT FONDO CUADRADO;;430011MB;BOLSA KRAFT 15+9cm X 30cm Con manija y base;;MILLAR IMPRESO;$134.453,78; $708,00 ; $842,52 
BOLSA KRAFT AS;BOLSA KRAFT FONDO CUADRADO;;430012;BOLSA KRAFT  20+9cm X 29 cm Fondo cuadrado;;MILLAR IMPRESO;$142.857,14; $440,00 ; $523,60 
BOLSA KRAFT AS;BOLSA KRAFT FONDO CUADRADO;;430012T;BOLSA KRAFT 20+9cm X 29 cm  Con troquel;;MILLAR IMPRESO;$142.857,14; $550,00 ; $654,50 
BOLSA KRAFT AS;BOLSA KRAFT FONDO CUADRADO;;430012M;BOLSA KRAFT 20+9cm X 29 cm  Con manija;;MILLAR IMPRESO;$142.857,14; $662,00 ; $787,78 
BOLSA KRAFT AS;BOLSA KRAFT FONDO CUADRADO;;430012B;BOLSA KRAFT 20+9cm X 29 cm  Con base;;MILLAR IMPRESO;$142.857,14; $532,00 ; $633,08 
BOLSA KRAFT AS;BOLSA KRAFT FONDO CUADRADO;;430012TB;BOLSA KRAFT 20+9cm X 29 cm  Con troquel y base;;MILLAR IMPRESO;$142.857,14; $618,00 ; $735,42 
BOLSA KRAFT AS;BOLSA KRAFT FONDO CUADRADO;;430012MB;BOLSA KRAFT 20+9cm X 29 cm  Con manija y base;;MILLAR IMPRESO;$142.857,14; $733,00 ; $872,27 
BOLSA KRAFT AS;BOLSA KRAFT FONDO CUADRADO;;430013;BOLSA KRAFT  20+14cm X 29cm Fondo cuadrado;;MILLAR IMPRESO;$142.857,14; $462,00 ; $549,78 
BOLSA KRAFT AS;BOLSA KRAFT FONDO CUADRADO;;430013T;BOLSA KRAFT  20+14cm X 29cm  Con troquel ;;MILLAR IMPRESO;$142.857,14; $596,00 ; $709,24 
BOLSA KRAFT AS;BOLSA KRAFT FONDO CUADRADO;;430013M;BOLSA KRAFT 20+14cm X 29cm    Con manija ;;MILLAR IMPRESO;$142.857,14; $739,00 ; $879,41 
BOLSA KRAFT AS;BOLSA KRAFT FONDO CUADRADO;;430013B;BOLSA KRAFT 20+14cm X 29cm    Con base;;MILLAR IMPRESO;$142.857,14; $567,00 ; $674,73 
BOLSA KRAFT AS;BOLSA KRAFT FONDO CUADRADO;;430013TB;BOLSA KRAFT  20+14cm X 29cm  Con troquel y base;;MILLAR IMPRESO;$142.857,14; $710,00 ; $844,90 
BOLSA KRAFT AS;BOLSA KRAFT FONDO CUADRADO;;430013MB;BOLSA KRAFT 20+14cm X 29cm    Con manija y base;;MILLAR IMPRESO;$142.857,14; $825,00 ; $981,75 
BOLSA KRAFT AS;BOLSA KRAFT FONDO CUADRADO;;430192;BOLSA KRAFT  20+14cm X 37cm Fondo cuadrado;;MILLAR IMPRESO;$142.857,14; $638,00 ; $759,22 
BOLSA KRAFT AS;BOLSA KRAFT FONDO CUADRADO;;430192T;BOLSA KRAFT  20+14cm X 37cm  Con troquel ;;MILLAR IMPRESO;$142.857,14; $674,00 ; $802,06 
BOLSA KRAFT AS;BOLSA KRAFT FONDO CUADRADO;;430192M;BOLSA KRAFT 20+14cm X 37cm    Con manija ;;MILLAR IMPRESO;$142.857,14; $789,00 ; $938,91 
BOLSA KRAFT AS;BOLSA KRAFT FONDO CUADRADO;;430192B;BOLSA KRAFT 20+14cm X 37cm    Con base;;MILLAR IMPRESO;$142.857,14; $638,00 ; $759,22 
BOLSA KRAFT AS;BOLSA KRAFT FONDO CUADRADO;;430192TB;BOLSA KRAFT  20+14cm X 37cm  Con troquel y base;;MILLAR IMPRESO;$142.857,14; $759,00 ; $903,21 
BOLSA KRAFT AS;BOLSA KRAFT FONDO CUADRADO;;430192MB;BOLSA KRAFT 20+14cm X 37cm    Con manija y base;;MILLAR IMPRESO;$142.857,14; $874,00 ; $1.040,06 
BOLSA KRAFT AS;BOLSA KRAFT FONDO CUADRADO;;430014;BOLSA KRAFT  26+17cm X 30cm   Fondo cuadrado;;MILLAR IMPRESO;$151.260,50; $517,00 ; $615,23 
BOLSA KRAFT AS;BOLSA KRAFT FONDO CUADRADO;;430014T;BOLSA  KRAFT 26+17cm X 30cm  Con troquel;;MILLAR IMPRESO; $-   ;  $-    ;#VALUE!
BOLSA KRAFT AS;BOLSA KRAFT FONDO CUADRADO;;430014M;BOLSA  KRAFT 26+17cm X 30cm  Con manija;;MILLAR IMPRESO; $-   ;  $-    ;#VALUE!
BOLSA KRAFT AS;BOLSA KRAFT FONDO CUADRADO;;430014B;BOLSA  KRAFT 26+17cm X 30cm  Con base;;MILLAR IMPRESO;$151.260,50; $627,00 ; $746,13 
BOLSA KRAFT AS;BOLSA KRAFT FONDO CUADRADO;;430014TB;BOLSA  KRAFT 26+17cm X 30cm  Con troquel y base;;MILLAR IMPRESO;$151.260,50; $825,00 ; $981,75 
BOLSA KRAFT AS;BOLSA KRAFT FONDO CUADRADO;;430014MB;BOLSA KRAFT 26+17cm X 30cm Con manija y base;;MILLAR IMPRESO;$151.260,50; $889,00 ; $1.057,91 
BOLSA KRAFT AS;BOLSA KRAFT FONDO CUADRADO;;430015;BOLSA KRAFT  26+17cm X 40cm   Fondo cuadrado;;MILLAR IMPRESO;$159.663,87; $616,00 ; $733,04 
BOLSA KRAFT AS;BOLSA KRAFT FONDO CUADRADO;;430015T;BOLSA  KRAFT 26+17cm X 40cm  Con troquel ;;MILLAR IMPRESO; $-   ;  $-    ;#VALUE!
BOLSA KRAFT AS;BOLSA KRAFT FONDO CUADRADO;;430015M;BOLSA  KRAFT 26+17cm X 40cm  Con manija;;MILLAR IMPRESO; $-   ;  $-    ;#VALUE!
BOLSA KRAFT AS;BOLSA KRAFT FONDO CUADRADO;;430015B;BOLSA  KRAFT 26+17cm X 40cm  Con base;;MILLAR IMPRESO;$159.663,87; $726,00 ; $863,94 
BOLSA KRAFT AS;BOLSA KRAFT FONDO CUADRADO;;430015TB;BOLSA  KRAFT 26+17cm X 40cm  Con troquel y base;;MILLAR IMPRESO;$159.663,87; $913,00 ; $1.086,47 
BOLSA KRAFT AS;BOLSA KRAFT FONDO CUADRADO;;430015MB;BOLSA KRAFT 26+17cm X 40cm Con manija y base;;MILLAR IMPRESO;$159.663,87; $983,00 ; $1.169,77 
BOLSA KRAFT AS;BOLSA KRAFT FONDO CUADRADO;;430016;BOLSA  KRAFT 28+15cm X 40cm  Fondo cuadrado;;MILLAR IMPRESO;$159.663,87; $616,00 ; $733,04 
BOLSA KRAFT AS;BOLSA KRAFT FONDO CUADRADO;;430016T;BOLSA  KRAFT 28+15cm X 40cm  Con troquel ;;MILLAR IMPRESO; $-   ;  $-    ;#VALUE!
BOLSA KRAFT AS;BOLSA KRAFT FONDO CUADRADO;;430016M;BOLSA  KRAFT 28+15cm X 40cm  Con manija;;MILLAR IMPRESO; $-   ;  $-    ;#VALUE!
BOLSA KRAFT AS;BOLSA KRAFT FONDO CUADRADO;;430016B;BOLSA  KRAFT 28+15cm X 40cm  Con base;;MILLAR IMPRESO;$159.663,87; $726,00 ; $863,94 
BOLSA KRAFT AS;BOLSA KRAFT FONDO CUADRADO;;430016TB;BOLSA  KRAFT 28+15cm X 40cm  Con troquel y base;;MILLAR IMPRESO;$159.663,87; $913,00 ; $1.086,47 
BOLSA KRAFT AS;BOLSA KRAFT FONDO CUADRADO;;430016MB;BOLSA KRAFT 28+15cm X 40cm    Con manija y base;;MILLAR IMPRESO;$159.663,87; $983,00 ; $1.169,77 
BOLSA KRAFT AS;BOLSA KRAFT FONDO CUADRADO;;430017;BOLSA KRAFT  31+17cm X 45cm   Fondo cuadrado;;MILLAR IMPRESO;$168.067,23; $792,00 ; $942,48 
BOLSA KRAFT AS;BOLSA KRAFT FONDO CUADRADO;;430017T;BOLSA KRAFT 31+17cm X 45cm    Con troquel;;MILLAR IMPRESO; $-   ;  $-    ;#VALUE!
BOLSA KRAFT AS;BOLSA KRAFT FONDO CUADRADO;;430017M;BOLSA KRAFT 31+17cm X 45cm    Con manija;;MILLAR IMPRESO; $-   ;  $-    ;#VALUE!
BOLSA KRAFT AS;BOLSA KRAFT FONDO CUADRADO;;430017B;BOLSA KRAFT 31+17cm X 45cm    Con base;;MILLAR IMPRESO;$168.067,23; $902,00 ; $1.073,38 
BOLSA KRAFT AS;BOLSA KRAFT FONDO CUADRADO;;430017TB;BOLSA KRAFT 31+17cm X 45cm    Con troquel y base;;MILLAR IMPRESO;$168.067,23; $1.104,00 ; $1.313,76 
BOLSA KRAFT AS;BOLSA KRAFT FONDO CUADRADO;;430017MB;BOLSA KRAFT  31+17cm X 45cm    Con manija y base;;MILLAR IMPRESO;$168.067,23; $1.162,00 ; $1.382,78 
BOLSA KRAFT AS;BOLSA KRAFT FONDO CUADRADO;;430018;BOLSA KRAFT 33+15cm X 32cm   Fondo cuadrado;;MILLAR IMPRESO;$168.067,23; $638,00 ; $759,22 
BOLSA KRAFT AS;BOLSA KRAFT FONDO CUADRADO;;430018T;BOLSA KRAFT 33+15cm X 32cm Con troquel;;MILLAR IMPRESO; $-   ;  $-    ;#VALUE!
BOLSA KRAFT AS;BOLSA KRAFT FONDO CUADRADO;;430018M;BOLSA KRAFT 33+15cm X 32cm Con manija;;MILLAR IMPRESO; $-   ;  $-    ;#VALUE!
BOLSA KRAFT AS;BOLSA KRAFT FONDO CUADRADO;;430018B;BOLSA KRAFT 33+15cm X 32cm Con base;;MILLAR IMPRESO;$168.067,23; $770,00 ; $916,30 
BOLSA KRAFT AS;BOLSA KRAFT FONDO CUADRADO;;430018TB;BOLSA KRAFT 33+15cm X 32cm Con troquel y base;;MILLAR IMPRESO;$168.067,23; $957,00 ; $1.138,83 
BOLSA KRAFT AS;BOLSA KRAFT FONDO CUADRADO;;430018MB;BOLSA KRAFT  33+15cm X 32cm Con manija y base;;MILLAR IMPRESO;$168.067,23; $1.015,00 ; $1.207,85 
BOLSA KRAFT AS;BOLSA KRAFT FONDO CUADRADO;;430019;BOLSA KRAFT  33+15cm X 45cm   Fondo cuadrado;;MILLAR IMPRESO;$168.067,23; $792,00 ; $942,48 
BOLSA KRAFT AS;BOLSA KRAFT FONDO CUADRADO;;430019T;BOLSA KRAFT 33+15cm X 45cm Con troquel;;MILLAR IMPRESO; $-   ;  $-    ;#VALUE!
BOLSA KRAFT AS;BOLSA KRAFT FONDO CUADRADO;;430019M;BOLSA KRAFT 33+15cm X 45cm Con manija;;MILLAR IMPRESO; $-   ;  $-    ;#VALUE!
BOLSA KRAFT AS;BOLSA KRAFT FONDO CUADRADO;;430019B;BOLSA KRAFT 33+15cm X 45cm Con base;;MILLAR IMPRESO;$168.067,23; $902,00 ; $1.073,38 
BOLSA KRAFT AS;BOLSA KRAFT FONDO CUADRADO;;430019TB;BOLSA KRAFT 33+15cm X 45cm Con troquel y base;;MILLAR IMPRESO;$168.067,23; $1.104,00 ; $1.313,76 
BOLSA KRAFT AS;BOLSA KRAFT FONDO CUADRADO;;430019MB;BOLSA KRAFT  33+15cm X 45cm Con manija y base;;MILLAR IMPRESO;$168.067,23; $1.162,00 ; $1.382,78 
BOLSA KRAFT AS;BOLSA KRAFT FONDO CUADRADO;;430010;BOLSA KRAFT 12+7cm X 22cm     Fondo cuadrado;;MILLAR;; $175,00 ; $208,25 
BOLSA KRAFT AS;BOLSA KRAFT FONDO CUADRADO;;430010T;BOLSA KRAFT 12+7cm X 22cm    Con troquel;;MILLAR;; $327,00 ; $389,13 
BOLSA KRAFT AS;BOLSA KRAFT FONDO CUADRADO;;430010M;BOLSA KRAFT 12+7cm X 22cm    Con manija;;MILLAR;; $500,00 ; $595,00 
BOLSA KRAFT AS;BOLSA KRAFT FONDO CUADRADO;;430010B;BOLSA KRAFT 12+7cm X 22cm    Con base;;MILLAR;; $294,00 ; $349,86 
BOLSA KRAFT AS;BOLSA KRAFT FONDO CUADRADO;;430010TB;BOLSA KRAFT 12+7cm X 22cm   Con troquel y base;;MILLAR;; $399,00 ; $474,81 
BOLSA KRAFT AS;BOLSA KRAFT FONDO CUADRADO;;430010MB;BOLSA KRAFT 12+7cm X 22cm   Con manija y base;;MILLAR;; $569,00 ; $677,11 
BOLSA KRAFT AS;BOLSA KRAFT FONDO CUADRADO;;430011;BOLSA KRAFT  15+9cm X 30cm  Fondo cuadrado;;MILLAR;; $202,00 ; $240,38 
BOLSA KRAFT AS;BOLSA KRAFT FONDO CUADRADO;;430011T;BOLSA KRAFT  15+9cm X 30cm  Con troquel;;MILLAR;; $394,00 ; $468,86 
BOLSA KRAFT AS;BOLSA KRAFT FONDO CUADRADO;;430011M;BOLSA KRAFT  15+9cm X 30cm  Con manija;;MILLAR;; $523,00 ; $622,37 
BOLSA KRAFT AS;BOLSA KRAFT FONDO CUADRADO;;430011B;BOLSA KRAFT  15+9cm X 30cm  Con base;;MILLAR;; $293,00 ; $348,67 
BOLSA KRAFT AS;BOLSA KRAFT FONDO CUADRADO;;430011TB;BOLSA KRAFT  15+9cm X 30cm  Con troquel y base;;MILLAR;; $466,00 ; $554,54 
BOLSA KRAFT AS;BOLSA KRAFT FONDO CUADRADO;;430011MB;BOLSA KRAFT 15+9cm X 30cm Con manija y base;;MILLAR;; $593,00 ; $705,67 
BOLSA KRAFT AS;BOLSA KRAFT FONDO CUADRADO;;430012;BOLSA KRAFT  20+9cm X 29 cm Fondo cuadrado;;MILLAR;; $323,00 ; $384,37 
BOLSA KRAFT AS;BOLSA KRAFT FONDO CUADRADO;;430012T;BOLSA KRAFT 20+9cm X 29 cm  Con troquel;;MILLAR;; $433,00 ; $515,27 
BOLSA KRAFT AS;BOLSA KRAFT FONDO CUADRADO;;430012M;BOLSA KRAFT 20+9cm X 29 cm  Con manija;;MILLAR;; $547,00 ; $650,93 
BOLSA KRAFT AS;BOLSA KRAFT FONDO CUADRADO;;430012B;BOLSA KRAFT 20+9cm X 29 cm  Con base;;MILLAR;; $363,00 ; $431,97 
BOLSA KRAFT AS;BOLSA KRAFT FONDO CUADRADO;;430012TB;BOLSA KRAFT 20+9cm X 29 cm  Con troquel y base;;MILLAR;; $504,00 ; $599,76 
BOLSA KRAFT AS;BOLSA KRAFT FONDO CUADRADO;;430012MB;BOLSA KRAFT 20+9cm X 29 cm  Con manija y base;;MILLAR;; $617,00 ; $734,23 
BOLSA KRAFT AS;BOLSA KRAFT FONDO CUADRADO;;430013;BOLSA KRAFT  20+14cm X 29cm Fondo cuadrado;;MILLAR;; $354,00 ; $421,26 
BOLSA KRAFT AS;BOLSA KRAFT FONDO CUADRADO;;430013T;BOLSA KRAFT  20+14cm X 29cm  Con troquel ;;MILLAR;; $482,00 ; $573,58 
BOLSA KRAFT AS;BOLSA KRAFT FONDO CUADRADO;;430013M;BOLSA KRAFT 20+14cm X 29cm    Con manija ;;MILLAR;; $624,00 ; $742,56 
BOLSA KRAFT AS;BOLSA KRAFT FONDO CUADRADO;;430013B;BOLSA KRAFT 20+14cm X 29cm    Con base;;MILLAR;; $453,00 ; $539,07 
BOLSA KRAFT AS;BOLSA KRAFT FONDO CUADRADO;;430013TB;BOLSA KRAFT  20+14cm X 29cm  Con troquel y base;;MILLAR;; $595,00 ; $708,05 
BOLSA KRAFT AS;BOLSA KRAFT FONDO CUADRADO;;430013MB;BOLSA KRAFT 20+14cm X 29cm    Con manija y base;;MILLAR;; $709,00 ; $843,71 
BOLSA KRAFT AS;BOLSA KRAFT FONDO CUADRADO;;430192;BOLSA KRAFT  20+14cm X 37cm Fondo cuadrado;;MILLAR;; $425,00 ; $505,75 
BOLSA KRAFT AS;BOLSA KRAFT FONDO CUADRADO;;430192T;BOLSA KRAFT  20+14cm X 37cm  Con troquel ;;MILLAR;; $559,00 ; $665,21 
BOLSA KRAFT AS;BOLSA KRAFT FONDO CUADRADO;;430192M;BOLSA KRAFT 20+14cm X 37cm    Con manija ;;MILLAR;; $673,00 ; $800,87 
BOLSA KRAFT AS;BOLSA KRAFT FONDO CUADRADO;;430192B;BOLSA KRAFT 20+14cm X 37cm    Con base;;MILLAR;; $524,00 ; $623,56 
BOLSA KRAFT AS;BOLSA KRAFT FONDO CUADRADO;;430192TB;BOLSA KRAFT  20+14cm X 37cm  Con troquel y base;;MILLAR;; $643,00 ; $765,17 
BOLSA KRAFT AS;BOLSA KRAFT FONDO CUADRADO;;430192MB;BOLSA KRAFT 20+14cm X 37cm    Con manija y base;;MILLAR;; $758,00 ; $902,02 
BOLSA KRAFT AS;BOLSA KRAFT FONDO CUADRADO;;430014;BOLSA KRAFT  26+17cm X 30cm   Fondo cuadrado;;MILLAR;; $403,00 ; $479,57 
BOLSA KRAFT AS;BOLSA KRAFT FONDO CUADRADO;;430014T;BOLSA  KRAFT 26+17cm X 30cm  Con troquel;;MILLAR;;  $-    ;#VALUE!
BOLSA KRAFT AS;BOLSA KRAFT FONDO CUADRADO;;430014M;BOLSA  KRAFT 26+17cm X 30cm  Con manija;;MILLAR;;  $-    ;#VALUE!
BOLSA KRAFT AS;BOLSA KRAFT FONDO CUADRADO;;430014B;BOLSA  KRAFT 26+17cm X 30cm  Con base;;MILLAR;; $516,00 ; $614,04 
BOLSA KRAFT AS;BOLSA KRAFT FONDO CUADRADO;;430014TB;BOLSA  KRAFT 26+17cm X 30cm  Con troquel y base;;MILLAR;; $715,00 ; $850,85 
BOLSA KRAFT AS;BOLSA KRAFT FONDO CUADRADO;;430014MB;BOLSA KRAFT 26+17cm X 30cm Con manija y base;;MILLAR;; $773,00 ; $919,87 
BOLSA KRAFT AS;BOLSA KRAFT FONDO CUADRADO;;430015;BOLSA KRAFT  26+17cm X 40cm   Fondo cuadrado;;MILLAR;; $497,00 ; $591,43 
BOLSA KRAFT AS;BOLSA KRAFT FONDO CUADRADO;;430015T;BOLSA  KRAFT 26+17cm X 40cm  Con troquel ;;MILLAR;;  $-    ;#VALUE!
BOLSA KRAFT AS;BOLSA KRAFT FONDO CUADRADO;;430015M;BOLSA  KRAFT 26+17cm X 40cm  Con manija;;MILLAR;;  $-    ;#VALUE!
BOLSA KRAFT AS;BOLSA KRAFT FONDO CUADRADO;;430015B;BOLSA  KRAFT 26+17cm X 40cm  Con base;;MILLAR;; $610,00 ; $725,90 
BOLSA KRAFT AS;BOLSA KRAFT FONDO CUADRADO;;430015TB;BOLSA  KRAFT 26+17cm X 40cm  Con troquel y base;;MILLAR;; $780,00 ; $928,20 
BOLSA KRAFT AS;BOLSA KRAFT FONDO CUADRADO;;430015MB;BOLSA KRAFT 26+17cm X 40cm Con manija y base;;MILLAR;; $866,00 ; $1.030,54 
BOLSA KRAFT AS;BOLSA KRAFT FONDO CUADRADO;;430016;BOLSA  KRAFT 28+15cm X 40cm  Fondo cuadrado;;MILLAR;; $497,00 ; $591,43 
BOLSA KRAFT AS;BOLSA KRAFT FONDO CUADRADO;;430016T;BOLSA  KRAFT 28+15cm X 40cm  Con troquel ;;MILLAR;;  $-    ;#VALUE!
BOLSA KRAFT AS;BOLSA KRAFT FONDO CUADRADO;;430016M;BOLSA  KRAFT 28+15cm X 40cm  Con manija;;MILLAR;;  $-    ;#VALUE!
BOLSA KRAFT AS;BOLSA KRAFT FONDO CUADRADO;;430016B;BOLSA  KRAFT 28+15cm X 40cm  Con base;;MILLAR;; $610,00 ; $725,90 
BOLSA KRAFT AS;BOLSA KRAFT FONDO CUADRADO;;430016TB;BOLSA  KRAFT 28+15cm X 40cm  Con troquel y base;;MILLAR;; $780,00 ; $928,20 
BOLSA KRAFT AS;BOLSA KRAFT FONDO CUADRADO;;430016MB;BOLSA KRAFT 28+15cm X 40cm    Con manija y base;;MILLAR;; $866,00 ; $1.030,54 
BOLSA KRAFT AS;BOLSA KRAFT FONDO CUADRADO;;430017;BOLSA KRAFT  31+17cm X 45cm   Fondo cuadrado;;MILLAR;; $669,00 ; $796,11 
BOLSA KRAFT AS;BOLSA KRAFT FONDO CUADRADO;;430017T;BOLSA KRAFT 31+17cm X 45cm    Con troquel;;MILLAR;;  $-    ;#VALUE!
BOLSA KRAFT AS;BOLSA KRAFT FONDO CUADRADO;;430017M;BOLSA KRAFT 31+17cm X 45cm    Con manija;;MILLAR;;  $-    ;#VALUE!
BOLSA KRAFT AS;BOLSA KRAFT FONDO CUADRADO;;430017B;BOLSA KRAFT 31+17cm X 45cm    Con base;;MILLAR;; $787,00 ; $936,53 
BOLSA KRAFT AS;BOLSA KRAFT FONDO CUADRADO;;430017TB;BOLSA KRAFT 31+17cm X 45cm    Con troquel y base;;MILLAR;; $985,00 ; $1.172,15 
BOLSA KRAFT AS;BOLSA KRAFT FONDO CUADRADO;;430017MB;BOLSA KRAFT  31+17cm X 45cm    Con manija y base;;MILLAR;; $1.044,00 ; $1.242,36 
BOLSA KRAFT AS;BOLSA KRAFT FONDO CUADRADO;;430018;BOLSA KRAFT 33+15cm X 32cm   Fondo cuadrado;;MILLAR;; $517,00 ; $615,23 
BOLSA KRAFT AS;BOLSA KRAFT FONDO CUADRADO;;430018T;BOLSA KRAFT 33+15cm X 32cm Con troquel;;MILLAR;;  $-    ;#VALUE!
BOLSA KRAFT AS;BOLSA KRAFT FONDO CUADRADO;;430018M;BOLSA KRAFT 33+15cm X 32cm Con manija;;MILLAR;;  $-    ;#VALUE!
BOLSA KRAFT AS;BOLSA KRAFT FONDO CUADRADO;;430018B;BOLSA KRAFT 33+15cm X 32cm Con base;;MILLAR;; $640,00 ; $761,60 
BOLSA KRAFT AS;BOLSA KRAFT FONDO CUADRADO;;430018TB;BOLSA KRAFT 33+15cm X 32cm Con troquel y base;;MILLAR;; $839,00 ; $998,41 
BOLSA KRAFT AS;BOLSA KRAFT FONDO CUADRADO;;430018MB;BOLSA KRAFT  33+15cm X 32cm Con manija y base;;MILLAR;; $898,00 ; $1.068,62 
BOLSA KRAFT AS;BOLSA KRAFT FONDO CUADRADO;;430019;BOLSA KRAFT  33+15cm X 45cm   Fondo cuadrado;;MILLAR;; $669,00 ; $796,11 
BOLSA KRAFT AS;BOLSA KRAFT FONDO CUADRADO;;430019T;BOLSA KRAFT 33+15cm X 45cm Con troquel;;MILLAR;;  $-    ;#VALUE!
BOLSA KRAFT AS;BOLSA KRAFT FONDO CUADRADO;;430019M;BOLSA KRAFT 33+15cm X 45cm Con manija;;MILLAR;;  $-    ;#VALUE!
BOLSA KRAFT AS;BOLSA KRAFT FONDO CUADRADO;;430019B;BOLSA KRAFT 33+15cm X 45cm Con base;;MILLAR;; $786,00 ; $935,34 
BOLSA KRAFT AS;BOLSA KRAFT FONDO CUADRADO;;430019TB;BOLSA KRAFT 33+15cm X 45cm Con troquel y base;;MILLAR;; $985,00 ; $1.172,15 
BOLSA KRAFT AS;BOLSA KRAFT FONDO CUADRADO;;430019MB;BOLSA KRAFT  33+15cm X 45cm Con manija y base;;MILLAR;; $1.044,00 ; $1.242,36 
BOLSA KRAFT AS;BOLSA KRAFT FONDO CUADRADO;;430010;BOLSA KRAFT 12+7cm X 22cm     Fondo cuadrado;;CIENTO;; $192,50 ; $229,08 
BOLSA KRAFT AS;BOLSA KRAFT FONDO CUADRADO;;430010T;BOLSA KRAFT 12+7cm X 22cm    Con troquel;;CIENTO;; $359,70 ; $428,04 
BOLSA KRAFT AS;BOLSA KRAFT FONDO CUADRADO;;430010M;BOLSA KRAFT 12+7cm X 22cm    Con manija;;CIENTO;; $550,00 ; $654,50 
BOLSA KRAFT AS;BOLSA KRAFT FONDO CUADRADO;;430010B;BOLSA KRAFT 12+7cm X 22cm    Con base;;CIENTO;; $323,40 ; $384,85 
BOLSA KRAFT AS;BOLSA KRAFT FONDO CUADRADO;;430010TB;BOLSA KRAFT 12+7cm X 22cm   Con troquel y base;;CIENTO;; $438,90 ; $522,29 
BOLSA KRAFT AS;BOLSA KRAFT FONDO CUADRADO;;430010MB;BOLSA KRAFT 12+7cm X 22cm   Con manija y base;;CIENTO;; $625,90 ; $744,82 
BOLSA KRAFT AS;BOLSA KRAFT FONDO CUADRADO;;430011;BOLSA KRAFT  15+9cm X 30cm  Fondo cuadrado;;CIENTO;; $222,20 ; $264,42 
BOLSA KRAFT AS;BOLSA KRAFT FONDO CUADRADO;;430011T;BOLSA KRAFT  15+9cm X 30cm  Con troquel;;CIENTO;; $433,40 ; $515,75 
BOLSA KRAFT AS;BOLSA KRAFT FONDO CUADRADO;;430011M;BOLSA KRAFT  15+9cm X 30cm  Con manija;;CIENTO;; $575,30 ; $684,61 
BOLSA KRAFT AS;BOLSA KRAFT FONDO CUADRADO;;430011B;BOLSA KRAFT  15+9cm X 30cm  Con base;;CIENTO;; $322,30 ; $383,54 
BOLSA KRAFT AS;BOLSA KRAFT FONDO CUADRADO;;430011TB;BOLSA KRAFT  15+9cm X 30cm  Con troquel y base;;CIENTO;; $512,60 ; $609,99 
BOLSA KRAFT AS;BOLSA KRAFT FONDO CUADRADO;;430011MB;BOLSA KRAFT 15+9cm X 30cm Con manija y base;;CIENTO;; $652,30 ; $776,24 
BOLSA KRAFT AS;BOLSA KRAFT FONDO CUADRADO;;430012;BOLSA KRAFT  20+9cm X 29 cm Fondo cuadrado;;CIENTO;; $355,30 ; $422,81 
BOLSA KRAFT AS;BOLSA KRAFT FONDO CUADRADO;;430012T;BOLSA KRAFT 20+9cm X 29 cm  Con troquel;;CIENTO;; $476,30 ; $566,80 
BOLSA KRAFT AS;BOLSA KRAFT FONDO CUADRADO;;430012M;BOLSA KRAFT 20+9cm X 29 cm  Con manija;;CIENTO;; $601,70 ; $716,02 
BOLSA KRAFT AS;BOLSA KRAFT FONDO CUADRADO;;430012B;BOLSA KRAFT 20+9cm X 29 cm  Con base;;CIENTO;; $399,30 ; $475,17 
BOLSA KRAFT AS;BOLSA KRAFT FONDO CUADRADO;;430012TB;BOLSA KRAFT 20+9cm X 29 cm  Con troquel y base;;CIENTO;; $554,40 ; $659,74 
BOLSA KRAFT AS;BOLSA KRAFT FONDO CUADRADO;;430012MB;BOLSA KRAFT 20+9cm X 29 cm  Con manija y base;;CIENTO;; $678,70 ; $807,65 
BOLSA KRAFT AS;BOLSA KRAFT FONDO CUADRADO;;430013;BOLSA KRAFT  20+14cm X 29cm Fondo cuadrado;;CIENTO;; $389,40 ; $463,39 
BOLSA KRAFT AS;BOLSA KRAFT FONDO CUADRADO;;430013T;BOLSA KRAFT  20+14cm X 29cm  Con troquel ;;CIENTO;; $530,20 ; $630,94 
BOLSA KRAFT AS;BOLSA KRAFT FONDO CUADRADO;;430013M;BOLSA KRAFT 20+14cm X 29cm    Con manija ;;CIENTO;; $686,40 ; $816,82 
BOLSA KRAFT AS;BOLSA KRAFT FONDO CUADRADO;;430013B;BOLSA KRAFT 20+14cm X 29cm    Con base;;CIENTO;; $498,30 ; $592,98 
BOLSA KRAFT AS;BOLSA KRAFT FONDO CUADRADO;;430013TB;BOLSA KRAFT  20+14cm X 29cm  Con troquel y base;;CIENTO;; $654,50 ; $778,86 
BOLSA KRAFT AS;BOLSA KRAFT FONDO CUADRADO;;430013MB;BOLSA KRAFT 20+14cm X 29cm    Con manija y base;;CIENTO;; $779,90 ; $928,08 
BOLSA KRAFT AS;BOLSA KRAFT FONDO CUADRADO;;430192;BOLSA KRAFT  20+14cm X 37cm Fondo cuadrado;;CIENTO;; $467,50 ; $556,33 
BOLSA KRAFT AS;BOLSA KRAFT FONDO CUADRADO;;430192T;BOLSA KRAFT  20+14cm X 37cm  Con troquel ;;CIENTO;; $614,90 ; $731,73 
BOLSA KRAFT AS;BOLSA KRAFT FONDO CUADRADO;;430192M;BOLSA KRAFT 20+14cm X 37cm    Con manija ;;CIENTO;; $740,30 ; $880,96 
BOLSA KRAFT AS;BOLSA KRAFT FONDO CUADRADO;;430192B;BOLSA KRAFT 20+14cm X 37cm    Con base;;CIENTO;; $576,40 ; $685,92 
BOLSA KRAFT AS;BOLSA KRAFT FONDO CUADRADO;;430192TB;BOLSA KRAFT  20+14cm X 37cm  Con troquel y base;;CIENTO;; $707,30 ; $841,69 
BOLSA KRAFT AS;BOLSA KRAFT FONDO CUADRADO;;430192MB;BOLSA KRAFT 20+14cm X 37cm    Con manija y base;;CIENTO;; $833,80 ; $992,22 
BOLSA KRAFT AS;BOLSA KRAFT FONDO CUADRADO;;430014;BOLSA KRAFT  26+17cm X 30cm   Fondo cuadrado;;CIENTO;; $443,30 ; $527,53 
BOLSA KRAFT AS;BOLSA KRAFT FONDO CUADRADO;;430014T;BOLSA  KRAFT 26+17cm X 30cm  Con troquel;;CIENTO;;  $-    ;#VALUE!
BOLSA KRAFT AS;BOLSA KRAFT FONDO CUADRADO;;430014M;BOLSA  KRAFT 26+17cm X 30cm  Con manija;;CIENTO;;  $-    ;#VALUE!
BOLSA KRAFT AS;BOLSA KRAFT FONDO CUADRADO;;430014B;BOLSA  KRAFT 26+17cm X 30cm  Con base;;CIENTO;; $567,60 ; $675,44 
BOLSA KRAFT AS;BOLSA KRAFT FONDO CUADRADO;;430014TB;BOLSA  KRAFT 26+17cm X 30cm  Con troquel y base;;CIENTO;; $786,50 ; $935,94 
BOLSA KRAFT AS;BOLSA KRAFT FONDO CUADRADO;;430014MB;BOLSA KRAFT 26+17cm X 30cm Con manija y base;;CIENTO;; $850,30 ; $1.011,86 
BOLSA KRAFT AS;BOLSA KRAFT FONDO CUADRADO;;430015;BOLSA KRAFT  26+17cm X 40cm   Fondo cuadrado;;CIENTO;; $546,70 ; $650,57 
BOLSA KRAFT AS;BOLSA KRAFT FONDO CUADRADO;;430015T;BOLSA  KRAFT 26+17cm X 40cm  Con troquel ;;CIENTO;;  $-    ;#VALUE!
BOLSA KRAFT AS;BOLSA KRAFT FONDO CUADRADO;;430015M;BOLSA  KRAFT 26+17cm X 40cm  Con manija;;CIENTO;;  $-    ;#VALUE!
BOLSA KRAFT AS;BOLSA KRAFT FONDO CUADRADO;;430015B;BOLSA  KRAFT 26+17cm X 40cm  Con base;;CIENTO;; $671,00 ; $798,49 
BOLSA KRAFT AS;BOLSA KRAFT FONDO CUADRADO;;430015TB;BOLSA  KRAFT 26+17cm X 40cm  Con troquel y base;;CIENTO;; $858,00 ; $1.021,02 
BOLSA KRAFT AS;BOLSA KRAFT FONDO CUADRADO;;430015MB;BOLSA KRAFT 26+17cm X 40cm Con manija y base;;CIENTO;; $952,60 ; $1.133,59 
BOLSA KRAFT AS;BOLSA KRAFT FONDO CUADRADO;;430016;BOLSA  KRAFT 28+15cm X 40cm  Fondo cuadrado;;CIENTO;; $546,70 ; $650,57 
BOLSA KRAFT AS;BOLSA KRAFT FONDO CUADRADO;;430016T;BOLSA  KRAFT 28+15cm X 40cm  Con troquel ;;CIENTO;;  $-    ;#VALUE!
BOLSA KRAFT AS;BOLSA KRAFT FONDO CUADRADO;;430016M;BOLSA  KRAFT 28+15cm X 40cm  Con manija;;CIENTO;;  $-    ;#VALUE!
BOLSA KRAFT AS;BOLSA KRAFT FONDO CUADRADO;;430016B;BOLSA  KRAFT 28+15cm X 40cm  Con base;;CIENTO;; $671,00 ; $798,49 
BOLSA KRAFT AS;BOLSA KRAFT FONDO CUADRADO;;430016TB;BOLSA  KRAFT 28+15cm X 40cm  Con troquel y base;;CIENTO;; $858,00 ; $1.021,02 
BOLSA KRAFT AS;BOLSA KRAFT FONDO CUADRADO;;430016MB;BOLSA KRAFT 28+15cm X 40cm    Con manija y base;;CIENTO;; $952,60 ; $1.133,59 
BOLSA KRAFT AS;BOLSA KRAFT FONDO CUADRADO;;430017;BOLSA KRAFT  31+17cm X 45cm   Fondo cuadrado;;CIENTO;; $735,90 ; $875,72 
BOLSA KRAFT AS;BOLSA KRAFT FONDO CUADRADO;;430017T;BOLSA KRAFT 31+17cm X 45cm    Con troquel;;CIENTO;;  $-    ;#VALUE!
BOLSA KRAFT AS;BOLSA KRAFT FONDO CUADRADO;;430017M;BOLSA KRAFT 31+17cm X 45cm    Con manija;;CIENTO;;  $-    ;#VALUE!
BOLSA KRAFT AS;BOLSA KRAFT FONDO CUADRADO;;430017B;BOLSA KRAFT 31+17cm X 45cm    Con base;;CIENTO;; $865,70 ; $1.030,18 
BOLSA KRAFT AS;BOLSA KRAFT FONDO CUADRADO;;430017TB;BOLSA KRAFT 31+17cm X 45cm    Con troquel y base;;CIENTO;; $1.083,50 ; $1.289,37 
BOLSA KRAFT AS;BOLSA KRAFT FONDO CUADRADO;;430017MB;BOLSA KRAFT  31+17cm X 45cm    Con manija y base;;CIENTO;; $1.148,40 ; $1.366,60 
BOLSA KRAFT AS;BOLSA KRAFT FONDO CUADRADO;;430018;BOLSA KRAFT 33+15cm X 32cm   Fondo cuadrado;;CIENTO;; $568,70 ; $676,75 
BOLSA KRAFT AS;BOLSA KRAFT FONDO CUADRADO;;430018T;BOLSA KRAFT 33+15cm X 32cm Con troquel;;CIENTO;;  $-    ;#VALUE!
BOLSA KRAFT AS;BOLSA KRAFT FONDO CUADRADO;;430018M;BOLSA KRAFT 33+15cm X 32cm Con manija;;CIENTO;;  $-    ;#VALUE!
BOLSA KRAFT AS;BOLSA KRAFT FONDO CUADRADO;;430018B;BOLSA KRAFT 33+15cm X 32cm Con base;;CIENTO;; $704,00 ; $837,76 
BOLSA KRAFT AS;BOLSA KRAFT FONDO CUADRADO;;430018TB;BOLSA KRAFT 33+15cm X 32cm Con troquel y base;;CIENTO;; $922,90 ; $1.098,25 
BOLSA KRAFT AS;BOLSA KRAFT FONDO CUADRADO;;430018MB;BOLSA KRAFT  33+15cm X 32cm Con manija y base;;CIENTO;; $987,80 ; $1.175,48 
BOLSA KRAFT AS;BOLSA KRAFT FONDO CUADRADO;;430019;BOLSA KRAFT  33+15cm X 45cm   Fondo cuadrado;;CIENTO;; $735,90 ; $875,72 
BOLSA KRAFT AS;BOLSA KRAFT FONDO CUADRADO;;430019T;BOLSA KRAFT 33+15cm X 45cm Con troquel;;CIENTO;;  $-    ;#VALUE!
BOLSA KRAFT AS;BOLSA KRAFT FONDO CUADRADO;;430019M;BOLSA KRAFT 33+15cm X 45cm Con manija;;CIENTO;;  $-    ;#VALUE!
BOLSA KRAFT AS;BOLSA KRAFT FONDO CUADRADO;;430019B;BOLSA KRAFT 33+15cm X 45cm Con base;;CIENTO;; $864,60 ; $1.028,87 
BOLSA KRAFT AS;BOLSA KRAFT FONDO CUADRADO;;430019TB;BOLSA KRAFT 33+15cm X 45cm Con troquel y base;;CIENTO;; $1.083,50 ; $1.289,37 
BOLSA KRAFT AS;BOLSA KRAFT FONDO CUADRADO;;430019MB;BOLSA KRAFT  33+15cm X 45cm Con manija y base;;CIENTO;; $1.148,40 ; $1.366,60 
BOLSA KRAFT AS;BOLSA KRAFT FONDO CUADRADO;;430010;BOLSA KRAFT 12+7cm X 22cm     Fondo cuadrado;;UNIDAD;; $211,75 ; $251,98 
BOLSA KRAFT AS;BOLSA KRAFT FONDO CUADRADO;;430010T;BOLSA KRAFT 12+7cm X 22cm    Con troquel;;UNIDAD;; $395,67 ; $470,85 
BOLSA KRAFT AS;BOLSA KRAFT FONDO CUADRADO;;430010M;BOLSA KRAFT 12+7cm X 22cm    Con manija;;UNIDAD;; $605,00 ; $719,95 
BOLSA KRAFT AS;BOLSA KRAFT FONDO CUADRADO;;430010B;BOLSA KRAFT 12+7cm X 22cm    Con base;;UNIDAD;; $355,74 ; $423,33 
BOLSA KRAFT AS;BOLSA KRAFT FONDO CUADRADO;;430010TB;BOLSA KRAFT 12+7cm X 22cm   Con troquel y base;;UNIDAD;; $482,79 ; $574,52 
BOLSA KRAFT AS;BOLSA KRAFT FONDO CUADRADO;;430010MB;BOLSA KRAFT 12+7cm X 22cm   Con manija y base;;UNIDAD;; $688,49 ; $819,30 
BOLSA KRAFT AS;BOLSA KRAFT FONDO CUADRADO;;430011;BOLSA KRAFT  15+9cm X 30cm  Fondo cuadrado;;UNIDAD;; $244,42 ; $290,86 
BOLSA KRAFT AS;BOLSA KRAFT FONDO CUADRADO;;430011T;BOLSA KRAFT  15+9cm X 30cm  Con troquel;;UNIDAD;; $476,74 ; $567,32 
BOLSA KRAFT AS;BOLSA KRAFT FONDO CUADRADO;;430011M;BOLSA KRAFT  15+9cm X 30cm  Con manija;;UNIDAD;; $632,83 ; $753,07 
BOLSA KRAFT AS;BOLSA KRAFT FONDO CUADRADO;;430011B;BOLSA KRAFT  15+9cm X 30cm  Con base;;UNIDAD;; $354,53 ; $421,89 
BOLSA KRAFT AS;BOLSA KRAFT FONDO CUADRADO;;430011TB;BOLSA KRAFT  15+9cm X 30cm  Con troquel y base;;UNIDAD;; $563,86 ; $670,99 
BOLSA KRAFT AS;BOLSA KRAFT FONDO CUADRADO;;430011MB;BOLSA KRAFT 15+9cm X 30cm Con manija y base;;UNIDAD;; $717,53 ; $853,86 
BOLSA KRAFT AS;BOLSA KRAFT FONDO CUADRADO;;430012;BOLSA KRAFT  20+9cm X 29 cm Fondo cuadrado;;UNIDAD;; $390,83 ; $465,09 
BOLSA KRAFT AS;BOLSA KRAFT FONDO CUADRADO;;430012T;BOLSA KRAFT 20+9cm X 29 cm  Con troquel;;UNIDAD;; $523,93 ; $623,48 
BOLSA KRAFT AS;BOLSA KRAFT FONDO CUADRADO;;430012M;BOLSA KRAFT 20+9cm X 29 cm  Con manija;;UNIDAD;; $661,87 ; $787,63 
BOLSA KRAFT AS;BOLSA KRAFT FONDO CUADRADO;;430012B;BOLSA KRAFT 20+9cm X 29 cm  Con base;;UNIDAD;; $439,23 ; $522,68 
BOLSA KRAFT AS;BOLSA KRAFT FONDO CUADRADO;;430012TB;BOLSA KRAFT 20+9cm X 29 cm  Con troquel y base;;UNIDAD;; $609,84 ; $725,71 
BOLSA KRAFT AS;BOLSA KRAFT FONDO CUADRADO;;430012MB;BOLSA KRAFT 20+9cm X 29 cm  Con manija y base;;UNIDAD;; $746,57 ; $888,42 
BOLSA KRAFT AS;BOLSA KRAFT FONDO CUADRADO;;430013;BOLSA KRAFT  20+14cm X 29cm Fondo cuadrado;;UNIDAD;; $428,34 ; $509,72 
BOLSA KRAFT AS;BOLSA KRAFT FONDO CUADRADO;;430013T;BOLSA KRAFT  20+14cm X 29cm  Con troquel ;;UNIDAD;; $583,22 ; $694,03 
BOLSA KRAFT AS;BOLSA KRAFT FONDO CUADRADO;;430013M;BOLSA KRAFT 20+14cm X 29cm    Con manija ;;UNIDAD;; $755,04 ; $898,50 
BOLSA KRAFT AS;BOLSA KRAFT FONDO CUADRADO;;430013B;BOLSA KRAFT 20+14cm X 29cm    Con base;;UNIDAD;; $548,13 ; $652,27 
BOLSA KRAFT AS;BOLSA KRAFT FONDO CUADRADO;;430013TB;BOLSA KRAFT  20+14cm X 29cm  Con troquel y base;;UNIDAD;; $719,95 ; $856,74 
BOLSA KRAFT AS;BOLSA KRAFT FONDO CUADRADO;;430013MB;BOLSA KRAFT 20+14cm X 29cm    Con manija y base;;UNIDAD;; $857,89 ; $1.020,89 
BOLSA KRAFT AS;BOLSA KRAFT FONDO CUADRADO;;430192;BOLSA KRAFT  20+14cm X 37cm Fondo cuadrado;;UNIDAD;; $514,25 ; $611,96 
BOLSA KRAFT AS;BOLSA KRAFT FONDO CUADRADO;;430192T;BOLSA KRAFT  20+14cm X 37cm  Con troquel ;;UNIDAD;; $676,39 ; $804,90 
BOLSA KRAFT AS;BOLSA KRAFT FONDO CUADRADO;;430192M;BOLSA KRAFT 20+14cm X 37cm    Con manija ;;UNIDAD;; $814,33 ; $969,05 
BOLSA KRAFT AS;BOLSA KRAFT FONDO CUADRADO;;430192B;BOLSA KRAFT 20+14cm X 37cm    Con base;;UNIDAD;; $634,04 ; $754,51 
BOLSA KRAFT AS;BOLSA KRAFT FONDO CUADRADO;;430192TB;BOLSA KRAFT  20+14cm X 37cm  Con troquel y base;;UNIDAD;; $778,03 ; $925,86 
BOLSA KRAFT AS;BOLSA KRAFT FONDO CUADRADO;;430192MB;BOLSA KRAFT 20+14cm X 37cm    Con manija y base;;UNIDAD;; $917,18 ; $1.091,44 
BOLSA KRAFT AS;BOLSA KRAFT FONDO CUADRADO;;430014;BOLSA KRAFT  26+17cm X 30cm   Fondo cuadrado;;UNIDAD;; $487,63 ; $580,28 
BOLSA KRAFT AS;BOLSA KRAFT FONDO CUADRADO;;430014T;BOLSA  KRAFT 26+17cm X 30cm  Con troquel;;UNIDAD;;  $-    ;#VALUE!
BOLSA KRAFT AS;BOLSA KRAFT FONDO CUADRADO;;430014M;BOLSA  KRAFT 26+17cm X 30cm  Con manija;;UNIDAD;;  $-    ;#VALUE!
BOLSA KRAFT AS;BOLSA KRAFT FONDO CUADRADO;;430014B;BOLSA  KRAFT 26+17cm X 30cm  Con base;;UNIDAD;; $624,36 ; $742,99 
BOLSA KRAFT AS;BOLSA KRAFT FONDO CUADRADO;;430014TB;BOLSA  KRAFT 26+17cm X 30cm  Con troquel y base;;UNIDAD;; $865,15 ; $1.029,53 
BOLSA KRAFT AS;BOLSA KRAFT FONDO CUADRADO;;430014MB;BOLSA KRAFT 26+17cm X 30cm Con manija y base;;UNIDAD;; $935,33 ; $1.113,04 
BOLSA KRAFT AS;BOLSA KRAFT FONDO CUADRADO;;430015;BOLSA KRAFT  26+17cm X 40cm   Fondo cuadrado;;UNIDAD;; $601,37 ; $715,63 
BOLSA KRAFT AS;BOLSA KRAFT FONDO CUADRADO;;430015T;BOLSA  KRAFT 26+17cm X 40cm  Con troquel ;;UNIDAD;;  $-    ;#VALUE!
BOLSA KRAFT AS;BOLSA KRAFT FONDO CUADRADO;;430015M;BOLSA  KRAFT 26+17cm X 40cm  Con manija;;UNIDAD;;  $-    ;#VALUE!
BOLSA KRAFT AS;BOLSA KRAFT FONDO CUADRADO;;430015B;BOLSA  KRAFT 26+17cm X 40cm  Con base;;UNIDAD;; $738,10 ; $878,34 
BOLSA KRAFT AS;BOLSA KRAFT FONDO CUADRADO;;430015TB;BOLSA  KRAFT 26+17cm X 40cm  Con troquel y base;;UNIDAD;; $943,80 ; $1.123,12 
BOLSA KRAFT AS;BOLSA KRAFT FONDO CUADRADO;;430015MB;BOLSA KRAFT 26+17cm X 40cm Con manija y base;;UNIDAD;; $1.047,86 ; $1.246,95 
BOLSA KRAFT AS;BOLSA KRAFT FONDO CUADRADO;;430016;BOLSA  KRAFT 28+15cm X 40cm  Fondo cuadrado;;UNIDAD;; $601,37 ; $715,63 
BOLSA KRAFT AS;BOLSA KRAFT FONDO CUADRADO;;430016T;BOLSA  KRAFT 28+15cm X 40cm  Con troquel ;;UNIDAD;;  $-    ;#VALUE!
BOLSA KRAFT AS;BOLSA KRAFT FONDO CUADRADO;;430016M;BOLSA  KRAFT 28+15cm X 40cm  Con manija;;UNIDAD;;  $-    ;#VALUE!
BOLSA KRAFT AS;BOLSA KRAFT FONDO CUADRADO;;430016B;BOLSA  KRAFT 28+15cm X 40cm  Con base;;UNIDAD;; $738,10 ; $878,34 
BOLSA KRAFT AS;BOLSA KRAFT FONDO CUADRADO;;430016TB;BOLSA  KRAFT 28+15cm X 40cm  Con troquel y base;;UNIDAD;; $943,80 ; $1.123,12 
BOLSA KRAFT AS;BOLSA KRAFT FONDO CUADRADO;;430016MB;BOLSA KRAFT 28+15cm X 40cm    Con manija y base;;UNIDAD;; $1.047,86 ; $1.246,95 
BOLSA KRAFT AS;BOLSA KRAFT FONDO CUADRADO;;430017;BOLSA KRAFT  31+17cm X 45cm   Fondo cuadrado;;UNIDAD;; $809,49 ; $963,29 
BOLSA KRAFT AS;BOLSA KRAFT FONDO CUADRADO;;430017T;BOLSA KRAFT 31+17cm X 45cm    Con troquel;;UNIDAD;;  $-    ;#VALUE!
BOLSA KRAFT AS;BOLSA KRAFT FONDO CUADRADO;;430017M;BOLSA KRAFT 31+17cm X 45cm    Con manija;;UNIDAD;;  $-    ;#VALUE!
BOLSA KRAFT AS;BOLSA KRAFT FONDO CUADRADO;;430017B;BOLSA KRAFT 31+17cm X 45cm    Con base;;UNIDAD;; $952,27 ; $1.133,20 
BOLSA KRAFT AS;BOLSA KRAFT FONDO CUADRADO;;430017TB;BOLSA KRAFT 31+17cm X 45cm    Con troquel y base;;UNIDAD;; $1.191,85 ; $1.418,30 
BOLSA KRAFT AS;BOLSA KRAFT FONDO CUADRADO;;430017MB;BOLSA KRAFT  31+17cm X 45cm    Con manija y base;;UNIDAD;; $1.263,24 ; $1.503,26 
BOLSA KRAFT AS;BOLSA KRAFT FONDO CUADRADO;;430018;BOLSA KRAFT 33+15cm X 32cm   Fondo cuadrado;;UNIDAD;; $625,57 ; $744,43 
BOLSA KRAFT AS;BOLSA KRAFT FONDO CUADRADO;;430018T;BOLSA KRAFT 33+15cm X 32cm Con troquel;;UNIDAD;;  $-    ;#VALUE!
BOLSA KRAFT AS;BOLSA KRAFT FONDO CUADRADO;;430018M;BOLSA KRAFT 33+15cm X 32cm Con manija;;UNIDAD;;  $-    ;#VALUE!
BOLSA KRAFT AS;BOLSA KRAFT FONDO CUADRADO;;430018B;BOLSA KRAFT 33+15cm X 32cm Con base;;UNIDAD;; $774,40 ; $921,54 
BOLSA KRAFT AS;BOLSA KRAFT FONDO CUADRADO;;430018TB;BOLSA KRAFT 33+15cm X 32cm Con troquel y base;;UNIDAD;; $1.015,19 ; $1.208,08 
BOLSA KRAFT AS;BOLSA KRAFT FONDO CUADRADO;;430018MB;BOLSA KRAFT  33+15cm X 32cm Con manija y base;;UNIDAD;; $1.086,58 ; $1.293,03 
BOLSA KRAFT AS;BOLSA KRAFT FONDO CUADRADO;;430019;BOLSA KRAFT  33+15cm X 45cm   Fondo cuadrado;;UNIDAD;; $809,49 ; $963,29 
BOLSA KRAFT AS;BOLSA KRAFT FONDO CUADRADO;;430019T;BOLSA KRAFT 33+15cm X 45cm Con troquel;;UNIDAD;;  $-    ;#VALUE!
BOLSA KRAFT AS;BOLSA KRAFT FONDO CUADRADO;;430019M;BOLSA KRAFT 33+15cm X 45cm Con manija;;UNIDAD;;  $-    ;#VALUE!
BOLSA KRAFT AS;BOLSA KRAFT FONDO CUADRADO;;430019B;BOLSA KRAFT 33+15cm X 45cm Con base;;UNIDAD;; $951,06 ; $1.131,76 
BOLSA KRAFT AS;BOLSA KRAFT FONDO CUADRADO;;430019TB;BOLSA KRAFT 33+15cm X 45cm Con troquel y base;;UNIDAD;; $1.191,85 ; $1.418,30 
BOLSA KRAFT AS;BOLSA KRAFT FONDO CUADRADO;;430019MB;BOLSA KRAFT  33+15cm X 45cm Con manija y base;;UNIDAD;; $1.263,24 ; $1.503,26 
KRAFT, BLANCO Y SULFITO;BOLSA PAPEL KRAFT LIBRAS;;;1/4 Libra;5,5+3,3cm X 15.5cm;BULTO;; $12,61 ; $15,01 
KRAFT, BLANCO Y SULFITO;BOLSA PAPEL KRAFT LIBRAS;;011004;1/2 Libra; 7,5+4cm X 17cm  ;BULTO;; $15,13 ; $18,00 
KRAFT, BLANCO Y SULFITO;BOLSA PAPEL KRAFT LIBRAS;;011001;1 libra; 9+5cm X 20cm ;BULTO;; $18,49 ; $22,00 
KRAFT, BLANCO Y SULFITO;BOLSA PAPEL KRAFT LIBRAS;;011005;2 Libras; 11+5,5cm X 23cm;BULTO;; $25,21 ; $30,00 
KRAFT, BLANCO Y SULFITO;BOLSA PAPEL KRAFT LIBRAS;;011002;3 Libras; 13+6cm X 26cm;BULTO;; $31,09 ; $37,00 
KRAFT, BLANCO Y SULFITO;BOLSA PAPEL KRAFT LIBRAS;;011000;4 libras; 13+6cm X 30cm;BULTO;; $37,82 ; $45,01 
KRAFT, BLANCO Y SULFITO;BOLSA PAPEL KRAFT LIBRAS;;011006;6 libras; 15+7cm X 36cm;BULTO;; $52,10 ; $62,00 
KRAFT, BLANCO Y SULFITO;BOLSA PAPEL KRAFT LIBRAS;;011003;12 libras; 19+10cm X 46cm;BULTO;; $78,99 ; $94,00 
KRAFT, BLANCO Y SULFITO;BOLSA PAPEL KRAFT LIBRAS;;011008;25 Libras; 25+12cm X 50cm;BULTO;; $151,26 ; $180,00 
KRAFT, BLANCO Y SULFITO;BOLSA PAPEL KRAFT LIBRAS;;011013;CUBIERTO;7,5cm X 27cm;BULTO;; $19,33 ; $23,00 
KRAFT, BLANCO Y SULFITO;BOLSA PAPEL KRAFT LIBRAS;;;Cubierto IMP;;BULTO;; $28,57 ; $34,00 
KRAFT, BLANCO Y SULFITO;BOLSA PAPEL KRAFT LIBRAS;;;1/4 Libra;5,5+3,3cm X 15.5cm;MILLAR;; $13,45 ; $16,01 
KRAFT, BLANCO Y SULFITO;BOLSA PAPEL KRAFT LIBRAS;;011004;1/2 Libra; 7,5+4cm X 17cm  ;MILLAR;; $15,97 ; $19,00 
KRAFT, BLANCO Y SULFITO;BOLSA PAPEL KRAFT LIBRAS;;011001;1 libra; 9+5cm X 20cm ;MILLAR;; $20,17 ; $24,00 
KRAFT, BLANCO Y SULFITO;BOLSA PAPEL KRAFT LIBRAS;;011005;2 Libras; 11+5,5cm X 23cm;MILLAR;; $27,73 ; $33,00 
KRAFT, BLANCO Y SULFITO;BOLSA PAPEL KRAFT LIBRAS;;011002;3 Libras; 13+6cm X 26cm;MILLAR;; $33,61 ; $40,00 
KRAFT, BLANCO Y SULFITO;BOLSA PAPEL KRAFT LIBRAS;;011000;4 libras; 13+6cm X 30cm;MILLAR;; $41,18 ; $49,00 
KRAFT, BLANCO Y SULFITO;BOLSA PAPEL KRAFT LIBRAS;;011006;6 libras; 15+7cm X 36cm;MILLAR;; $56,30 ; $67,00 
KRAFT, BLANCO Y SULFITO;BOLSA PAPEL KRAFT LIBRAS;;011003;12 libras; 19+10cm X 46cm;MILLAR;; $84,87 ; $101,00 
KRAFT, BLANCO Y SULFITO;BOLSA PAPEL KRAFT LIBRAS;;011008;25 Libras; 25+12cm X 50cm;MILLAR;; $151,26 ; $180,00 
KRAFT, BLANCO Y SULFITO;BOLSA PAPEL KRAFT LIBRAS;;011013;CUBIERTO;7,5cm X 27cm;MILLAR;; $20,17 ; $24,00 
KRAFT, BLANCO Y SULFITO;BOLSA PAPEL KRAFT LIBRAS;;;Cubierto IMP;;MILLAR;; $31,09 ; $37,00 
KRAFT, BLANCO Y SULFITO;BOLSA PAPEL KRAFT LIBRAS;;;1/4 Libra;5,5+3,3cm X 15.5cm;CIENTO;; $14,29 ; $17,01 
KRAFT, BLANCO Y SULFITO;BOLSA PAPEL KRAFT LIBRAS;;011004;1/2 Libra; 7,5+4cm X 17cm  ;CIENTO;; $17,65 ; $21,00 
KRAFT, BLANCO Y SULFITO;BOLSA PAPEL KRAFT LIBRAS;;011001;1 libra; 9+5cm X 20cm ;CIENTO;; $21,85 ; $26,00 
KRAFT, BLANCO Y SULFITO;BOLSA PAPEL KRAFT LIBRAS;;011005;2 Libras; 11+5,5cm X 23cm;CIENTO;; $29,41 ; $35,00 
KRAFT, BLANCO Y SULFITO;BOLSA PAPEL KRAFT LIBRAS;;011002;3 Libras; 13+6cm X 26cm;CIENTO;; $36,97 ; $43,99 
KRAFT, BLANCO Y SULFITO;BOLSA PAPEL KRAFT LIBRAS;;011000;4 libras; 13+6cm X 30cm;CIENTO;; $44,54 ; $53,00 
KRAFT, BLANCO Y SULFITO;BOLSA PAPEL KRAFT LIBRAS;;011006;6 libras; 15+7cm X 36cm;CIENTO;; $61,34 ; $72,99 
KRAFT, BLANCO Y SULFITO;BOLSA PAPEL KRAFT LIBRAS;;011003;12 libras; 19+10cm X 46cm;CIENTO;; $91,60 ; $109,00 
KRAFT, BLANCO Y SULFITO;BOLSA PAPEL KRAFT LIBRAS;;011008;25 Libras; 25+12cm X 50cm;CIENTO;; $163,87 ; $195,01 
KRAFT, BLANCO Y SULFITO;BOLSA PAPEL KRAFT LIBRAS;;011013;CUBIERTO;7,5cm X 27cm;CIENTO;; $21,85 ; $26,00 
KRAFT, BLANCO Y SULFITO;BOLSA PAPEL KRAFT LIBRAS;;;Cubierto IMP;;CIENTO;; $32,77 ; $39,00 
KRAFT, BLANCO Y SULFITO;BOLSA  PAPEL BLANCO ANTIGRASO LIBRAS;;BB 1/2 LB;1/2  libra; 7.5+4cm X 17cm ;BULTO;; $71,43 ; $85,00 
KRAFT, BLANCO Y SULFITO;BOLSA  PAPEL BLANCO ANTIGRASO LIBRAS;;471051;1 libra; 9+5cm X 20cm ;BULTO;; $91,60 ; $109,00 
KRAFT, BLANCO Y SULFITO;BOLSA  PAPEL BLANCO ANTIGRASO LIBRAS;;471052AG;2 Libras; 11+5,5cm X 23cm;BULTO;; $115,13 ; $137,00 
KRAFT, BLANCO Y SULFITO;BOLSA  PAPEL BLANCO ANTIGRASO LIBRAS;;471053;3 Libras; 13+6cm X 26cm;BULTO;; $139,50 ; $166,01 
KRAFT, BLANCO Y SULFITO;BOLSA  PAPEL BLANCO ANTIGRASO LIBRAS;;471079AG;4 libras; 13+6cm X 30cm;BULTO;; $173,95 ; $207,00 
KRAFT, BLANCO Y SULFITO;BOLSA  PAPEL BLANCO ANTIGRASO LIBRAS;;471078AG;6 libras; 15+7cm X 36cm;BULTO;; $231,93 ; $276,00 
KRAFT, BLANCO Y SULFITO;BOLSA  PAPEL BLANCO ANTIGRASO LIBRAS;;470146;12 libras; 19+10cm X 46cm;BULTO;; $339,50 ; $404,01 
KRAFT, BLANCO Y SULFITO;BOLSA  PAPEL BLANCO ANTIGRASO LIBRAS;;471055;HAMBURGUESA  ;14+5,5cm X 17cm;BULTO;; $102,52 ; $122,00 
KRAFT, BLANCO Y SULFITO;BOLSA  PAPEL BLANCO ANTIGRASO LIBRAS;;471056;PAPA FRANCESA ; 11cm X 12cm;BULTO;; $46,22 ; $55,00 
KRAFT, BLANCO Y SULFITO;BOLSA  PAPEL BLANCO ANTIGRASO LIBRAS;;471058;SANDWICH;13+4cm X 13cm;BULTO;; $74,79 ; $89,00 
KRAFT, BLANCO Y SULFITO;BOLSA  PAPEL BLANCO ANTIGRASO LIBRAS;;470257;CUBIERTOS  ;7cm X 27cm sulfito natural;BULTO;; $38,66 ; $46,01 
KRAFT, BLANCO Y SULFITO;BOLSA  PAPEL BLANCO ANTIGRASO LIBRAS;;BB 1/2 LB;1/2  libra; 7.5+4cm X 17cm ;MILLAR;; $77,31 ; $92,00 
KRAFT, BLANCO Y SULFITO;BOLSA  PAPEL BLANCO ANTIGRASO LIBRAS;;471051;1 libra; 9+5cm X 20cm ;MILLAR;; $99,16 ; $118,00 
KRAFT, BLANCO Y SULFITO;BOLSA  PAPEL BLANCO ANTIGRASO LIBRAS;;471052AG;2 Libras; 11+5,5cm X 23cm;MILLAR;; $125,21 ; $149,00 
KRAFT, BLANCO Y SULFITO;BOLSA  PAPEL BLANCO ANTIGRASO LIBRAS;;471053;3 Libras; 13+6cm X 26cm;MILLAR;; $150,42 ; $179,00 
KRAFT, BLANCO Y SULFITO;BOLSA  PAPEL BLANCO ANTIGRASO LIBRAS;;471079AG;4 libras; 13+6cm X 30cm;MILLAR;; $189,08 ; $225,01 
KRAFT, BLANCO Y SULFITO;BOLSA  PAPEL BLANCO ANTIGRASO LIBRAS;;471078AG;6 libras; 15+7cm X 36cm;MILLAR;; $251,26 ; $299,00 
KRAFT, BLANCO Y SULFITO;BOLSA  PAPEL BLANCO ANTIGRASO LIBRAS;;470146;12 libras; 19+10cm X 46cm;MILLAR;; $368,07 ; $438,00 
KRAFT, BLANCO Y SULFITO;BOLSA  PAPEL BLANCO ANTIGRASO LIBRAS;;471055;HAMBURGUESA  ;14+5,5cm X 17cm;MILLAR;; $111,76 ; $132,99 
KRAFT, BLANCO Y SULFITO;BOLSA  PAPEL BLANCO ANTIGRASO LIBRAS;;471056;PAPA FRANCESA ; 11cm X 12cm;MILLAR;; $49,58 ; $59,00 
KRAFT, BLANCO Y SULFITO;BOLSA  PAPEL BLANCO ANTIGRASO LIBRAS;;471058;SANDWICH;13+4cm X 13cm;MILLAR;; $81,51 ; $97,00 
KRAFT, BLANCO Y SULFITO;BOLSA  PAPEL BLANCO ANTIGRASO LIBRAS;;470257;CUBIERTOS  ;7cm X 27cm sulfito natural;MILLAR;; $41,18 ; $49,00 
KRAFT, BLANCO Y SULFITO;BOLSA  PAPEL BLANCO ANTIGRASO LIBRAS;;BB 1/2 LB;1/2  libra; 7.5+4cm X 17cm ;CIENTO;; $83,19 ; $99,00 
KRAFT, BLANCO Y SULFITO;BOLSA  PAPEL BLANCO ANTIGRASO LIBRAS;;471051;1 libra; 9+5cm X 20cm ;CIENTO;; $107,56 ; $128,00 
KRAFT, BLANCO Y SULFITO;BOLSA  PAPEL BLANCO ANTIGRASO LIBRAS;;471052AG;2 Libras; 11+5,5cm X 23cm;CIENTO;; $134,45 ; $160,00 
KRAFT, BLANCO Y SULFITO;BOLSA  PAPEL BLANCO ANTIGRASO LIBRAS;;471053;3 Libras; 13+6cm X 26cm;CIENTO;; $163,03 ; $194,01 
KRAFT, BLANCO Y SULFITO;BOLSA  PAPEL BLANCO ANTIGRASO LIBRAS;;471079AG;4 libras; 13+6cm X 30cm;CIENTO;; $203,36 ; $242,00 
KRAFT, BLANCO Y SULFITO;BOLSA  PAPEL BLANCO ANTIGRASO LIBRAS;;471078AG;6 libras; 15+7cm X 36cm;CIENTO;; $271,43 ; $323,00 
KRAFT, BLANCO Y SULFITO;BOLSA  PAPEL BLANCO ANTIGRASO LIBRAS;;470146;12 libras; 19+10cm X 46cm;CIENTO;; $396,64 ; $472,00 
KRAFT, BLANCO Y SULFITO;BOLSA  PAPEL BLANCO ANTIGRASO LIBRAS;;471055;HAMBURGUESA  ;14+5,5cm X 17cm;CIENTO;; $120,17 ; $143,00 
KRAFT, BLANCO Y SULFITO;BOLSA  PAPEL BLANCO ANTIGRASO LIBRAS;;471056;PAPA FRANCESA ; 11cm X 12cm;CIENTO;; $53,78 ; $64,00 
KRAFT, BLANCO Y SULFITO;BOLSA  PAPEL BLANCO ANTIGRASO LIBRAS;;471058;SANDWICH;13+4cm X 13cm;CIENTO;; $87,39 ; $103,99 
KRAFT, BLANCO Y SULFITO;BOLSA  PAPEL BLANCO ANTIGRASO LIBRAS;;470257;CUBIERTOS  ;7cm X 27cm sulfito natural;CIENTO;; $45,38 ; $54,00 
KRAFT, BLANCO Y SULFITO;BOLSA  PAPEL SULFITO BLANCO;;470343;1/2  libra; 7.5+4cm X 17cm ;BULTO;; $25,21 ; $30,00 
KRAFT, BLANCO Y SULFITO;BOLSA  PAPEL SULFITO BLANCO;;;1 libra; 9+5cm X 20cm ;BULTO;; $31,09 ; $37,00 
KRAFT, BLANCO Y SULFITO;BOLSA  PAPEL SULFITO BLANCO;;;2 Libras; 11+5,5cm X 23cm;BULTO;; $41,18 ; $49,00 
KRAFT, BLANCO Y SULFITO;BOLSA  PAPEL SULFITO BLANCO;;;3 Libras; 13+6cm X 26cm;BULTO;; $46,22 ; $55,00 
KRAFT, BLANCO Y SULFITO;BOLSA  PAPEL SULFITO BLANCO;;;4 libras; 13+6cm X 30cm;BULTO;; $58,82 ; $70,00 
KRAFT, BLANCO Y SULFITO;BOLSA  PAPEL SULFITO BLANCO;;;6 libras; 15+10cm X 36cm;BULTO;; $82,35 ; $98,00 
KRAFT, BLANCO Y SULFITO;BOLSA  PAPEL SULFITO BLANCO;;011018;12 Libras;19+10+10cm X 46cm    ;BULTO;; $151,26 ; $180,00 
KRAFT, BLANCO Y SULFITO;BOLSA  PAPEL SULFITO BLANCO;;470343;1/2  libra; 7.5+4cm X 17cm ;MILLAR;; $26,89 ; $32,00 
KRAFT, BLANCO Y SULFITO;BOLSA  PAPEL SULFITO BLANCO;;;1 libra; 9+5cm X 20cm ;MILLAR;; $33,61 ; $40,00 
KRAFT, BLANCO Y SULFITO;BOLSA  PAPEL SULFITO BLANCO;;;2 Libras; 11+5,5cm X 23cm;MILLAR;; $44,54 ; $53,00 
KRAFT, BLANCO Y SULFITO;BOLSA  PAPEL SULFITO BLANCO;;;3 Libras; 13+6cm X 26cm;MILLAR;; $49,58 ; $59,00 
KRAFT, BLANCO Y SULFITO;BOLSA  PAPEL SULFITO BLANCO;;;4 libras; 13+6cm X 30cm;MILLAR;; $63,87 ; $76,00 
KRAFT, BLANCO Y SULFITO;BOLSA  PAPEL SULFITO BLANCO;;;6 libras; 15+10cm X 36cm;MILLAR;; $89,92 ; $107,00 
KRAFT, BLANCO Y SULFITO;BOLSA  PAPEL SULFITO BLANCO;;011018;12 Libras;19+10+10cm X 46cm    ;MILLAR;; $164,71 ; $196,00 
KRAFT, BLANCO Y SULFITO;BOLSA  PAPEL SULFITO BLANCO;;470343;1/2  libra; 7.5+4cm X 17cm ;CIENTO;; $29,41 ; $35,00 
KRAFT, BLANCO Y SULFITO;BOLSA  PAPEL SULFITO BLANCO;;;1 libra; 9+5cm X 20cm ;CIENTO;; $36,13 ; $43,00 
KRAFT, BLANCO Y SULFITO;BOLSA  PAPEL SULFITO BLANCO;;;2 Libras; 11+5,5cm X 23cm;CIENTO;; $47,90 ; $57,00 
KRAFT, BLANCO Y SULFITO;BOLSA  PAPEL SULFITO BLANCO;;;3 Libras; 13+6cm X 26cm;CIENTO;; $53,78 ; $64,00 
KRAFT, BLANCO Y SULFITO;BOLSA  PAPEL SULFITO BLANCO;;;4 libras; 13+6cm X 30cm;CIENTO;; $68,91 ; $82,00 
KRAFT, BLANCO Y SULFITO;BOLSA  PAPEL SULFITO BLANCO;;;6 libras; 15+10cm X 36cm;CIENTO;; $96,64 ; $115,00 
KRAFT, BLANCO Y SULFITO;BOLSA  PAPEL SULFITO BLANCO;;11018;12 Libras;19+10+10cm X 46cm    ;CIENTO;; $177,31 ; $211,00 
